code,name,market,group,process,category,products,business
240810,원익IPS,KOSDAQ,증착 장비,증착·열처리,장비,DRAM|3D NAND|HBM,박막 증착·열처리 장비
036930,주성엔지니어링,KOSDAQ,증착 장비,증착,장비,DRAM|3D NAND|HBM,ALD 등 박막 증착 장비
084370,유진테크,KOSDAQ,증착 장비,증착,장비,DRAM|3D NAND|HBM,LPCVD·ALD 장비
095610,테스,KOSDAQ,증착 장비,증착·표면처리,장비,DRAM|3D NAND|HBM,PECVD·건식 표면처리
064760,티씨케이,KOSDAQ,SiC 부품,식각,부품,DRAM|3D NAND|HBM,SiC 링·고순도 흑연 부품
166090,하나머티리얼즈,KOSDAQ,식각 부품,식각,부품,DRAM|3D NAND|HBM,실리콘 전극·링·SiC 부품
042700,한미반도체,KOSPI,본딩·패키징 장비,적층·접합·절단,장비,DRAM|3D NAND|HBM,TC 본더·절단·선별 장비
031980,피에스케이홀딩스,KOSDAQ,리플로우 장비,표면처리·접합,장비,HBM,리플로우·디스컴
353200,대덕전자,KOSPI,패키지 기판,패키징,부품,DRAM|3D NAND|기타,메모리·비메모리 패키지 기판
222800,심텍,KOSDAQ,패키지 기판,패키징,부품,DRAM|3D NAND,패키지 기판·모듈 PCB
058470,리노공업,KOSDAQ,테스트 소켓,테스트,부품,기타,검사용 핀·IC 테스트 소켓
095340,ISC,KOSDAQ,테스트 소켓,테스트,부품,DRAM|3D NAND|HBM|기타,테스트 소켓
005290,동진쎄미켐,KOSDAQ,공정 화학소재,노광·세정·연마,소재,DRAM|3D NAND|HBM,PR·공정 화학소재·슬러리
357780,솔브레인,KOSDAQ,공정 화학소재,식각·세정·증착,소재,DRAM|3D NAND|HBM,식각액·세정액·증착 소재
102710,이엔에프테크놀로지,KOSDAQ,공정 화학소재,노광·식각·세정,소재,DRAM|3D NAND|HBM,공정 화학약품·PR 원료
014680,한솔케미칼,KOSPI,공정 화학소재,세정·증착,소재,DRAM|3D NAND|HBM,과산화수소·전구체
104830,원익머트리얼즈,KOSDAQ,특수가스,증착·식각,소재,DRAM|3D NAND|HBM,고순도 특수가스
093370,후성,KOSPI,특수가스,식각·증착,소재,DRAM|3D NAND|HBM,불소계 특수가스
092070,디엔에프,KOSDAQ,전구체,증착,소재,DRAM|3D NAND|HBM,박막 증착 전구체
281740,레이크머티리얼즈,KOSDAQ,전구체,증착,소재,DRAM|3D NAND|HBM,유기금속 전구체
425040,티이엠씨,KOSDAQ,특수가스,노광·식각,소재,DRAM|3D NAND|HBM,특수가스 제조·정제
101490,에스앤에스텍,KOSDAQ,노광 소재,노광,소재,DRAM|3D NAND|HBM,블랭크마스크
036810,에프에스티,KOSDAQ,노광 소재·칠러,노광·온도제어,소재·장비,DRAM|3D NAND|HBM,펠리클·칠러
171010,램테크놀러지,KOSDAQ,공정 화학소재,식각·세정,소재,DRAM|3D NAND|HBM,식각액·박리액
074600,원익QnC,KOSDAQ,쿼츠 부품,공정 지원,부품,DRAM|3D NAND|HBM,쿼츠·세라믹·세정
101160,월덱스,KOSDAQ,식각 부품,식각,부품,DRAM|3D NAND|HBM,실리콘·쿼츠·세라믹
272110,케이엔제이,KOSDAQ,SiC 부품,식각,부품,DRAM|3D NAND|HBM,SiC 포커스링
146320,비씨엔씨,KOSDAQ,쿼츠 부품,식각,부품,DRAM|3D NAND|HBM,합성쿼츠 부품
183300,코미코,KOSDAQ,세정·코팅,공정 지원,부품·서비스,DRAM|3D NAND|HBM,부품 세정·코팅·연결 자회사 세라믹
059090,미코,KOSDAQ,세라믹 부품,공정 지원,부품,DRAM|3D NAND|HBM,세라믹 소재 및 계열사 사업
114810,한솔아이원스,KOSDAQ,세정·코팅,공정 지원,부품,DRAM|3D NAND|HBM,정밀가공·세정·코팅
144960,뉴파워프라즈마,KOSDAQ,플라즈마 부품,증착·세정,부품,DRAM|3D NAND|HBM,플라즈마 발생·RF 전원장치
241770,메카로,KOSDAQ,히터 부품,증착,부품,DRAM|3D NAND|HBM,히터블록
319660,피에스케이,KOSDAQ,막 제거·세정,막 제거·세정,장비,DRAM|3D NAND|HBM,드라이 스트립·클리닝
089970,브이엠,KOSDAQ,식각 장비,식각,장비,DRAM|3D NAND|HBM,건식 식각 장비
281820,케이씨텍,KOSPI,CMP·세정,연마·세정,장비·소재,DRAM|3D NAND|HBM,CMP·세정·슬러리
403870,HPSP,KOSDAQ,열처리,열처리,장비,DRAM|기타,고압 수소 어닐링
079370,제우스,KOSDAQ,세정 장비,세정,장비,DRAM|3D NAND|HBM,웨이퍼 세정 장비
348210,넥스틴,KOSDAQ,검사·계측,결함 검사,장비,DRAM|3D NAND|HBM,웨이퍼 결함 검사
322310,오로스테크놀로지,KOSDAQ,검사·계측,계측,장비,DRAM|3D NAND|HBM,오버레이 계측
140860,파크시스템스,KOSDAQ,검사·계측,계측,장비,DRAM|3D NAND|HBM,AFM 기반 나노 계측
009150,삼성전기,KOSPI,패키지 기판,패키징,부품,기타,FC-BGA·FC-CSP 등 기판 사업
007810,코리아써키트,KOSPI,패키지 기판,패키징,부품,DRAM|3D NAND|기타,패키지 기판·PCB
195870,해성디에스,KOSPI,패키지 부품,패키징,부품,DRAM|기타,리드프레임·패키지 기판
077360,덕산하이메탈,KOSDAQ,접합 소재,패키징,소재,DRAM|3D NAND|기타,솔더볼·솔더페이스트
033160,엠케이전자,KOSDAQ,접합 소재,패키징,소재,DRAM|3D NAND|기타,본딩와이어·솔더볼
131290,티에스이,KOSDAQ,테스트 인터페이스,테스트,부품,DRAM|3D NAND|기타,프로브카드·보드·소켓
425420,티에프이,KOSDAQ,테스트 소켓,테스트,부품,DRAM|3D NAND|기타,소켓·보드·체인지키트
252990,샘씨엔에스,KOSDAQ,테스트 인터페이스,웨이퍼 테스트,부품,DRAM|3D NAND,프로브카드용 세라믹 기판
039030,이오테크닉스,KOSDAQ,레이저 장비,열처리·절단·마킹,장비,DRAM|3D NAND|HBM,레이저 어닐링·마킹·다이싱
089030,테크윙,KOSDAQ,테스트 핸들러,테스트,장비,DRAM|3D NAND|HBM,핸들러·HBM 검사 장비
064290,인텍플러스,KOSDAQ,외관 검사,패키징 검사,장비,DRAM|3D NAND|HBM,패키지·기판 외관 검사
232140,와이씨,KOSDAQ,메모리 테스터,웨이퍼 테스트,장비,DRAM|3D NAND,메모리 웨이퍼 검사
003160,디아이,KOSPI,메모리 테스터,테스트,장비,DRAM|3D NAND,번인·메모리 검사장비
092870,엑시콘,KOSDAQ,메모리·SSD 테스터,테스트,장비,DRAM|3D NAND,메모리·SSD·SoC·번인 검사
253590,네오셈,KOSDAQ,SSD·번인 테스터,완제품·번인 테스트,장비,DRAM|3D NAND,SSD·메모리 번인 검사
086390,유니테스트,KOSDAQ,메모리 테스터,테스트,장비,DRAM|3D NAND,메모리·모듈 검사장비
083450,GST,KOSDAQ,스크러버·칠러,공정 지원,장비,DRAM|3D NAND|HBM,가스정화·온도제어
036200,유니셈,KOSDAQ,스크러버·칠러,공정 지원,장비,DRAM|3D NAND|HBM,스크러버·칠러
083310,엘오티베큠,KOSDAQ,진공펌프,공정 지원,장비,DRAM|3D NAND|HBM,건식 진공펌프
160980,싸이맥스,KOSDAQ,웨이퍼 이송,공정 지원,장비,DRAM|3D NAND|HBM,이송 로봇·모듈
232680,라온테크,KOSDAQ,웨이퍼 이송,공정 지원,장비,DRAM|3D NAND|HBM,진공 이송 로봇
039440,에스티아이,KOSDAQ,공급 설비·리플로우,공정 지원·접합,장비,DRAM|3D NAND|HBM,CCSS·리플로우
264660,씨앤지하이테크,KOSDAQ,화학약품 공급,공정 지원,장비,DRAM|3D NAND|HBM,혼합·공급 시스템
045100,한양이엔지,KOSDAQ,공장 인프라,공정 지원,설비,DRAM|3D NAND|HBM,유틸리티·화학약품 공급
067310,하나마이크론,KOSDAQ,후공정 수탁,패키징·테스트,서비스,DRAM|3D NAND|기타,패키징·테스트 수탁
036540,SFA반도체,KOSDAQ,후공정 수탁,패키징·테스트,서비스,DRAM|3D NAND|기타,패키징·테스트 수탁
061970,LB세미콘,KOSDAQ,첨단 패키징 수탁,범핑·패키징·테스트,서비스,기타,범핑·패키징·테스트
131970,두산테스나,KOSDAQ,테스트 수탁,테스트,서비스,기타,시스템반도체 테스트
033640,네패스,KOSDAQ,첨단 패키징 수탁,범핑·패키징,서비스·소재,기타,첨단 패키징·전자재료
330860,네패스아크,KOSDAQ,테스트 수탁,테스트,서비스,기타,시스템반도체 테스트
033170,시그네틱스,KOSDAQ,후공정 수탁,패키징·테스트,서비스,DRAM|기타,패키징·테스트 수탁
